1,1,1,1,1,0,0,1,0,0,はじめまして！きみは何ていう名前なの？,1,2,2,2,,2,0,0,0,0,0,,1,1
2,1,0,2,1,0,0,1,0,0,%＜飼い主＞！これからよろしくね！,2,1,0,1,,0,0,0,0,0,0,,1,1
3,2,1,1,1,0,0,1,0,0,ぼくにはまだ名前がないんだ。%＜飼い主＞、ぼくに名前をつけてくれる？,1,2,1,2,,2,0,0,0,0,0,,1,1
4,18,0,2,1,0,0,1,0,0,%＜ペット名＞…！%＜飼い主＞名前をつけてくれてありがとう！,2,1,0,2,,3,0,0,0,0,0,,1,1
5,18,0,3,1,0,0,1,0,0,%＜ペット名＞は遊ぶのと言葉を聞くのが大好きなんだ！一緒に遊んでね！,2,1,0,2,,4,0,0,0,0,0,,1,1
6,18,0,4,1,0,0,1,0,0,%＜ペット名＞と3つのミニゲームで遊ぶことが出来るよ！1つずつ紹介するね！,2,1,0,2,,5,0,0,0,0,0,,1,1
7,18,0,5,1,0,0,1,0,0,クイズモードでは6つのジャンルがあるから、プレイしたいものを選んでね♪,2,1,0,2,,6,0,0,0,0,0,,1,1
8,18,0,6,1,0,0,1,0,0,三目並べは、%＜ペット名＞と勝負！縦・横・斜めのどれかで3つ揃えると勝利！,2,1,0,2,,7,0,0,0,0,0,,1,1
9,18,0,7,1,0,0,1,0,0,SpellGridは、ヒントからことばを繋げて作ってね！出来たら画面を強く押して回答！,2,1,0,2,,8,0,0,0,0,0,,1,1
10,18,0,8,1,0,0,1,0,0,%＜ペット名＞をタッチしてくれると、おはなしするよ！好きなものや場所を%＜ペット名＞に教えてね！,10,1,0,2,,9,0,0,0,0,0,,1,1
11,18,0,9,1,0,0,1,0,0,通知なとのオプションはiPhoneで設定出来るよ！じゃあ、これからよろしくね、%＜飼い主＞！,11,1,0,1,,0,0,0,0,0,0,,1,1
12,3,1,1,1,0,0,1,0,0,ランクが上がったよ！,2,1,0,1,,0,0,0,0,0,0,,1,1
13,3,2,1,1,0,0,1,0,0,ランクアップ！！,2,1,0,1,,0,0,0,0,0,0,,1,1
14,3,3,1,1,0,0,1,0,0,%＜飼い主＞のおかげでランクアップできたよ！,2,1,0,1,,0,0,0,0,0,0,,1,1
15,5,1,1,1,0,0,1,0,0,%＜ペット名＞の一番好きな食べ物は%＜食べ物＞なんだけど、%＜飼い主＞は何が好き？,1,2,7,4,%＜索引[2]＞,2,3,0,0,0,0,,1,1
16,5,0,2,1,0,0,1,0,0,%＜飼い主＞も一番%＜索引[2]＞が好きなんだね！,10,1,0,1,,0,0,5,20,5,2,%＜索引[2]＞,1,1
17,5,0,3,1,0,0,1,0,0,%＜プレイヤー入力＞・・・,1,1,0,3,,4,5,0,0,0,0,,1,1
18,5,0,4,1,0,0,1,0,0,それなら%＜ペット名＞も知ってるよ！,2,1,0,1,,0,0,0,10,5,1,%＜索引[2]＞,1,1
19,5,0,5,1,0,0,1,0,0,うぅぅ・・%＜ペット名＞は%＜プレイヤー入力＞を初めて知ったよ～,4,1,0,1,,0,0,0,5,20,0,,1,1
20,5,2,6,1,0,0,1,0,0,どこか景色のいい場所にいきたいな・・・。%＜飼い主＞はどこか景色のいい場所を知ってる？,1,2,4,3,,7,8,0,0,0,0,,1,1
21,5,0,7,1,0,0,1,0,0,%＜プレイヤー入力＞は知ってるよ、%＜ペット名＞もいい所だと思うよ！,1,1,0,1,,0,0,0,10,5,1,%＜索引[2]＞,1,1
22,5,0,8,1,0,0,1,0,0,%＜ペット名＞の知らない場所だね、今度連れていってよ〜,2,1,0,1,,0,0,0,5,20,0,,1,1
23,5,3,9,1,0,0,1,0,0,%＜ペット名＞は遊園地に行きたいよ・・・%＜飼い主＞連れてって～,4,3,0,5,,10,11,0,0,0,0,,1,1
24,5,0,10,1,0,0,1,0,0,やったね！%＜飼い主＞と一緒～♪,2,1,0,1,,0,0,3,15,0,0,,1,1
25,5,0,11,1,0,0,1,0,0,%＜飼い主＞はジェットコースター苦手なの…？,4,1,0,1,,0,0,-5,-5,0,0,,1,1
26,5,4,12,1,0,0,1,0,0,%＜飼い主＞は最近ハマッてる食べ物ってある？教えてほしいな～,1,2,7,4,%＜索引[2]＞,13,14,0,0,0,0,,1,1
27,5,0,13,1,0,0,1,0,0,%＜飼い主＞も%＜プレイヤー入力＞が好きなんだね！,10,1,0,1,,0,0,5,10,5,2,%＜索引[2]＞,1,1
28,5,0,14,1,0,0,1,0,0,%＜プレイヤー入力＞！食べてみたいな～！,5,1,0,1,,0,0,0,0,20,0,,1,1
29,5,5,17,1,0,0,1,0,0,%＜飼い主＞はどんなジュースが好き？教えてほしいな～,1,2,16,3,,18,19,0,0,0,0,,1,1
30,5,0,18,1,0,0,1,0,0,%＜ペット名＞もはぼくもすき～♪,1,1,0,1,,0,0,0,5,5,1,%＜索引[2]＞,1,1
31,5,0,19,1,0,0,1,0,0,%＜プレイヤー入力＞！初めて知ったよ～,2,1,0,1,,0,0,0,2,20,0,,1,1
32,5,6,20,1,0,0,1,0,0,%＜ペット名＞は泳いでみたいんだけど、%＜飼い主＞は泳ぐのは好き？,1,3,0,5,,21,22,0,0,0,0,,1,1
33,5,0,21,1,0,0,1,0,0,%＜飼い主＞と一緒に泳ぎに行きたいな♪,2,1,0,1,,0,0,5,5,0,0,,1,1
34,5,0,22,1,0,0,1,0,0,もったいないな～%＜飼い主＞～,4,1,0,1,,0,0,-5,-5,0,0,,1,1
35,5,7,23,1,0,0,1,0,0,%＜ペット名＞は今%＜食べ物＞にハマッてるんだよね。%＜飼い主＞は%＜食べ物＞好き？,1,3,0,5,,24,25,0,0,0,0,,1,1
36,5,0,24,1,0,0,1,0,0,%＜飼い主＞も好きで嬉しいな♪,2,1,0,1,,0,0,5,5,0,0,,1,1
37,5,0,25,1,0,0,1,0,0,%＜飼い主＞も食べてみてよ～,1,1,0,1,,0,0,-3,-4,0,0,,1,1
38,5,8,26,1,0,0,1,0,0,%＜ペット名＞、%＜地名＞にいきたいなー。%＜飼い主＞連れてってくれるよね？,1,3,0,5,,27,28,0,0,0,0,,1,1
39,5,0,27,1,0,0,1,0,0,%＜飼い主＞大好きー,2,1,0,1,,0,0,-2,5,0,0,,1,1
40,5,0,28,1,0,0,1,0,0,%＜飼い主＞、困らせちゃってごめんね。,1,1,0,1,,0,0,5,0,0,0,,1,1
41,5,9,29,1,0,0,1,0,0,今夜は%＜飼い主＞と一緒に寝たいなー！,1,3,0,5,,30,31,0,0,0,0,,1,1
42,5,0,30,1,0,0,1,0,0,やったー！%＜飼い主＞と寝るの楽しみだな～,2,1,0,1,,0,0,2,10,0,0,,1,1
43,5,0,31,1,0,0,1,0,0,いいもん！一人で寝るもん！,3,1,0,1,,0,0,-2,-10,0,0,,1,1
44,5,10,32,1,0,0,1,0,0,%＜飼い主＞！%＜ペット名＞にマッサージして～？,1,3,0,5,,33,34,0,0,0,0,,1,1
45,5,0,33,1,0,0,1,0,0,きもちいい～,2,1,0,1,,0,0,-3,10,0,0,,1,1
46,5,0,34,1,0,0,1,0,0,うー、ごめんなさい・・・,4,1,0,1,,0,0,5,-10,0,0,,1,1
47,5,11,35,1,0,0,1,0,0,%＜地名＞に行きたいんだけど付いてきてくれる？,1,3,0,5,,36,37,0,0,0,0,,1,1
48,5,0,36,1,0,0,1,0,0,%＜飼い主＞と一緒♪,11,1,0,1,,0,0,0,0,0,0,,1,1
49,5,0,37,1,0,0,1,0,0,分かったもん、一人で行ってくるね。,1,1,0,1,,0,0,0,0,0,0,,1,1
50,5,12,38,1,0,0,1,0,0,%＜ペット名＞は%＜癒やし＞してると癒やされるんだー、%＜飼い主＞も好き？,1,3,0,5,,39,40,0,0,0,0,,1,1
51,5,0,39,1,0,0,1,0,0,%＜飼い主＞と%＜癒やし＞したいー！,2,1,0,1,,0,0,4,4,0,0,,1,1
52,5,0,40,1,0,0,1,0,0,%＜飼い主＞、困らせちゃってごめんね。,1,1,0,1,,0,0,0,-5,0,0,,1,1
53,5,13,41,1,0,0,1,0,0,今夜は%＜飼い主＞と%＜食べ物＞食べたいなー！,1,3,0,5,,42,43,0,0,0,0,,1,1
54,5,0,42,1,0,0,1,0,0,やったー！準備しよー♪,2,1,0,1,,0,0,6,6,0,0,,1,1
55,5,0,43,1,0,0,1,0,0,むー・・・悲しいよ…,3,1,0,1,,0,0,-3,-3,0,0,,1,1
56,5,14,44,2,0,50,13,13,18,ご飯の前に%＜おやつ＞食べたいな～、いいよね？,1,3,0,5,,45,46,0,0,0,0,,1,1
57,5,0,45,1,0,0,1,0,0,%＜飼い主＞ありがとー,2,1,0,1,,0,0,-1,8,0,0,,1,1
58,5,0,46,1,0,0,1,0,0,むむむ…そうだね、御飯食べられなくなっちゃうもんね、我慢するよ。,9,1,0,1,,0,0,4,-2,0,0,,1,1
59,5,15,47,1,0,0,1,0,0,%＜飼い主＞と%＜遊び＞したいな！,1,3,0,5,,48,49,0,0,0,0,,1,1
60,5,0,48,1,0,0,1,0,0,やったー！遊ぼう！,2,1,0,1,,0,0,5,8,0,0,,1,1
61,5,0,49,1,0,0,1,0,0,忙しい？また今度お願いね？,9,1,0,1,,0,0,-3,-3,0,0,,1,1
62,5,16,50,1,0,0,1,0,0,%＜ジュース＞が飲みたいな！買ってきて～,1,3,0,5,,51,52,0,0,0,0,,1,1
63,5,0,51,1,0,0,1,0,0,ありがとう♪,2,1,0,1,,0,0,-1,8,0,0,,1,1
64,5,0,52,1,0,0,1,0,0,じゃあ今度一緒に飲もうね～,1,1,0,1,,0,0,4,-2,0,0,,1,1
65,5,17,53,1,0,0,1,0,0,%＜ペット名＞は%＜時間＞が好きなんだー、%＜飼い主＞はどう？,1,3,0,5,,54,55,0,0,0,0,,1,1
66,5,0,54,1,0,0,1,0,0,一緒だね！うれしいなー,2,1,0,1,,0,0,5,8,0,0,,1,1
67,5,0,55,1,0,0,1,0,0,%＜飼い主＞は他の時間が好きなんだねー,1,1,0,1,,0,0,１,3,0,0,,1,1
68,5,18,56,3,80,100,6,50,100,%＜飼い主＞、いろいろとしてくれてありがとうね！これからよろしくね！,1,3,0,5,,57,58,5,5,0,0,,1,1
69,5,0,57,1,0,0,1,0,0,えへへ～♪もっと遊ぼう！,2,1,0,1,,0,0,2,5,0,0,,1,1
70,5,0,58,1,0,0,1,0,0,え…%＜ペット名＞じゃダメなの…？,4,1,0,1,,0,0,-10,-10,0,0,,1,1
71,5,18,59,3,0,30,6,0,40,%＜飼い主＞は%＜ペット名＞のこと嫌いなの…？,9,3,0,5,,60,61,5,5,0,0,,1,1
72,5,0,60,1,0,0,1,0,0,これからも%＜ペット名＞と友達してね…？,12,1,0,1,,0,0,5,5,0,0,,1,1
73,5,0,61,1,0,0,1,0,0,そうだったんだね・・・ごめんね・・・,4,1,0,1,,0,0,-10,-10,0,0,,1,1
74,5,18,62,13,20,23,6,50,100,夜だね～、一緒に月を見ない？,1,3,0,5,,63,64,5,5,0,0,,1,1
75,5,0,63,1,0,0,1,0,0,ありがとう！%＜飼い主＞と一緒♪,2,1,0,1,,0,0,3,5,0,0,,1,1
76,5,0,64,1,0,0,1,0,0,せっかくなのに悲しいな・・・,4,1,0,1,,0,0,-4,--4,0,0,,1,1
77,6,1,1,1,0,0,1,0,0,ヒントから単語を連想してね,1,1,0,1,,0,0,0,0,0,0,,1,1
78,6,2,1,1,0,0,1,0,0,%＜飼い主＞は分かるかな？,1,1,0,1,,0,0,0,0,0,0,,1,1
79,6,3,1,1,0,0,1,0,0,文字を繋げて単語を作ってね！,1,1,0,1,,0,0,0,0,0,0,,1,1
80,6,4,1,1,0,0,1,0,0,分かったら単語を入力してね！,1,1,0,1,,0,0,0,0,0,0,,1,1
81,6,5,1,1,0,0,1,0,0,答えを入力したら画面を押し込んでね！,1,1,0,1,,0,0,0,0,0,0,,1,1
82,6,6,1,1,0,0,1,0,0,答えを入力し終わったら画面を強く押して回答してね！,1,1,0,1,,0,0,0,0,0,0,,1,1
83,6,7,1,1,0,0,1,0,0,早く答えたら経験値とコインが増えるよ！,1,1,0,1,,0,0,0,0,0,0,,1,1
84,6,8,1,1,0,0,1,0,0,分かったら単語を入力してね！,1,1,0,1,,0,0,0,0,0,0,,1,1
85,7,1,1,1,0,0,1,0,0,まけないよ！,1,1,0,1,,0,0,0,0,0,0,,1,1
86,7,2,1,1,0,0,1,0,0,ぜったいかつからね！,1,1,0,1,,0,0,0,0,0,0,,1,1
87,7,3,1,1,0,0,1,0,0,%＜ペット名＞に勝てるかな？,1,1,0,1,,0,0,0,0,0,0,,1,1
88,7,4,1,1,0,0,1,0,0,お手柔らかに！,1,1,0,1,,0,0,0,0,0,0,,1,1
89,7,5,1,1,0,0,1,0,0,%＜飼い主＞には負けないよ！,1,1,0,1,,0,0,0,0,0,0,,1,1
90,7,6,1,1,0,0,1,0,0,練習してきたんだ！,1,1,0,1,,0,0,0,0,0,0,,1,1
91,8,1,1,8,0,0,1,0,0,勝った〜！！,2,1,0,1,,0,0,0,0,0,0,,1,1
92,8,2,1,9,0,0,1,0,0,同じくらいの強さだね！,2,1,0,1,,0,0,0,0,0,0,,1,1
93,8,3,1,10,0,0,1,0,0,負けちゃった〜・・・,4,1,0,1,,0,0,0,0,0,0,,1,1
94,8,4,1,8,0,0,1,0,0,%＜ペット名＞の勝ちだね♪,2,1,0,1,,0,0,0,0,0,0,,1,1
95,8,5,1,9,0,0,1,0,0,うぐぐ、もう一回！,1,1,0,1,,0,0,0,0,0,0,,1,1
96,8,6,1,10,0,0,1,0,0,%＜飼い主＞にはかなわないなー,1,1,0,1,,0,0,0,0,0,0,,1,1
97,8,7,1,8,0,0,1,0,0,ねむくなってきちゃった,6,1,0,1,,0,0,0,0,0,0,,1,1
98,8,8,1,9,0,0,1,0,0,次は%＜ペット名＞が勝つよ！,9,1,0,1,,0,0,0,0,0,0,,1,1
99,8,9,1,10,0,0,1,0,0,さすが%＜飼い主＞はつよいなー！,10,1,0,1,,0,0,0,0,0,0,,1,1
100,9,1,1,1,0,0,1,0,0,第一問！,1,1,0,1,,0,0,0,0,0,0,,1,1
101,9,2,1,1,0,0,1,0,0,最初の問題だよ！,1,1,0,1,,0,0,0,0,0,0,,1,1
102,9,3,1,1,0,0,1,0,0,分かるかな？,1,1,0,1,,0,0,0,0,0,0,,1,1
103,9,4,1,1,0,0,1,0,0,いくよ！,1,1,0,1,,0,0,0,0,0,0,,1,1
104,10,1,1,1,0,0,1,0,0,第二問！！,1,1,0,1,,0,0,0,0,0,0,,1,1
105,10,2,1,1,0,0,1,0,0,次の問題！,1,1,0,1,,0,0,0,0,0,0,,1,1
106,10,3,1,1,0,0,1,0,0,これはどう？,1,1,0,1,,0,0,0,0,0,0,,1,1
107,10,4,1,1,0,0,1,0,0,これは分かる？,1,1,0,1,,0,0,0,0,0,0,,1,1
108,11,1,1,1,0,0,1,0,0,第三問！！！,1,1,0,1,,0,0,0,0,0,0,,1,1
109,11,2,1,1,0,0,1,0,0,最後はこれ！,1,1,0,1,,0,0,0,0,0,0,,1,1
110,11,3,1,1,0,0,1,0,0,ラスト！,1,1,0,1,,0,0,0,0,0,0,,1,1
111,11,4,1,1,0,0,1,0,0,%＜飼い主＞、最後だよ！,1,1,0,1,,0,0,0,0,0,0,,1,1
112,12,1,1,7,0,0,1,0,0,・・・手を抜いたんだよね？,5,1,0,1,,0,0,0,0,0,0,,1,1
113,12,2,1,7,1,1,1,0,0,難しかったかな？,1,1,0,1,,0,0,0,0,0,0,,1,1
114,12,3,1,7,2,2,1,0,0,なかなかやるね！,2,1,0,1,,0,0,0,0,0,0,,1,1
115,12,4,1,7,3,3,1,0,0,すごい！かんぺきだね♪♪,11,1,0,1,,0,0,0,0,0,0,,1,1
116,12,5,1,7,0,0,1,0,0,・・・難しすぎた？,4,1,0,1,,0,0,0,0,0,0,,1,1
117,12,6,1,7,1,1,1,0,0,%＜飼い主＞頑張ってー,1,1,0,1,,0,0,0,0,0,0,,1,1
118,12,7,1,7,2,2,1,0,0,なかなかやるね！,2,1,0,1,,0,0,0,0,0,0,,1,1
119,12,8,1,7,3,3,1,0,0,さすが%＜飼い主＞だね！,11,1,0,1,,0,0,0,0,0,0,,1,1
120,12,9,1,7,0,0,1,0,0,うーん、頑張って！,1,1,0,1,,0,0,0,0,0,0,,1,1
121,12,10,1,7,1,1,1,0,0,%＜ペット名＞の問題、難しかった？,4,1,0,1,,0,0,0,0,0,0,,1,1
122,12,11,1,7,2,2,1,0,0,さすが%<飼い主>！,2,1,0,1,,0,0,0,0,0,0,,1,1
123,12,12,1,7,3,3,1,0,0,余裕だね！,11,1,0,1,,0,0,0,0,0,0,,1,1
124,12,13,1,7,0,0,1,0,0,%＜ペット名＞、かなしい…。,9,1,0,1,,0,0,0,0,0,0,,1,1
125,12,14,1,7,1,1,1,0,0,次は頑張ってね・・・,4,1,0,1,,0,0,0,0,0,0,,1,1
126,12,15,1,7,2,2,1,0,0,%＜ペット名＞も嬉しい！,2,1,0,1,,0,0,0,0,0,0,,1,1
127,12,16,1,7,3,3,1,0,0,%＜ペット名＞は%＜飼い主＞といれて嬉しいよ！,11,1,0,1,,0,0,0,0,0,0,,1,1
128,13,1,1,1,0,0,1,0,0,なんだか寂しくなっちゃった・・・,4,1,0,1,,0,0,0,0,1,0,,1,1
129,13,2,1,1,0,0,1,0,0,現在時刻は %＜現在時刻＞ です！,1,1,0,1,,0,0,0,0,1,0,,1,1
130,13,3,1,6,50,100,1,0,0,なんだか寂しいな～,4,1,0,1,,0,0,0,0,1,0,,1,1
131,13,4,1,6,80,100,1,0,0,%＜飼い主＞、好き！,10,1,0,1,,0,0,0,0,1,0,,1,1
132,13,5,1,6,100,100,1,0,0,%＜飼い主＞とずっと一緒にいたいよ！,11,1,0,1,,0,0,0,0,1,0,,1,1
133,13,6,1,12,0,0,1,0,0,ZZZ...zzz,7,1,0,1,,0,0,0,0,1,0,,1,1
134,13,7,1,12,0,0,1,0,0,ZZZ...%＜食べ物＞！！！・・ZZz..zzz,7,1,0,1,,0,0,0,0,1,0,,1,1
135,13,8,1,2,0,0,1,0,0,・・・もう・・・ダメ・・・,8,1,0,1,,0,0,0,0,1,0,,1,1
136,13,9,1,2,1,30,1,0,0,お腹が減ってクラクラするよ〜,8,1,0,1,,0,0,0,0,1,0,,1,1
137,13,10,1,2,31,50,1,0,0,そろそろご飯の時間かな〜,1,1,0,1,,0,0,0,0,1,0,,1,1
138,13,11,1,2,51,80,1,0,0,次は何を食べさせてくれるのかな〜,2,1,0,1,,0,0,0,0,1,0,,1,1
139,13,12,1,2,81,100,1,0,0,満腹だよ〜,2,1,0,1,,0,0,0,0,1,0,,1,1
140,13,13,1,4,1,30,1,0,0,うぅ・・・ねむい・・・,6,1,0,1,,0,0,0,0,1,0,,1,1
141,13,14,1,4,31,50,1,0,0,(´・ω・`),1,1,0,1,,0,0,0,0,1,0,,1,1
142,13,15,1,4,51,80,1,0,0,何をしようかな,1,1,0,1,,0,0,0,0,1,0,,1,1
143,13,16,1,4,81,100,1,0,0,よく寝た〜,2,1,0,1,,0,0,0,0,1,0,,1,1
144,13,17,1,3,0,0,1,0,0,こっそり逃げちゃおうかな・・・,9,1,0,1,,0,0,0,0,1,0,,1,1
145,13,18,1,3,1,30,1,0,0,もっと楽しませてよ～,9,1,0,1,,0,0,0,0,1,0,,1,1
146,13,19,1,3,31,50,1,0,0,おもしろいことないかなぁ,9,1,0,1,,0,0,0,0,1,0,,1,1
147,13,20,1,3,51,80,1,0,0,今日はいい感じ,2,1,0,1,,0,0,0,0,1,0,,1,1
148,13,21,1,3,81,100,1,0,0,ルンルン♪,10,1,0,1,,0,0,0,0,1,0,,1,1
149,13,27,1,2,0,0,1,0,0,ごはん・・・言葉をちょうだい・・・,8,1,0,1,,0,0,0,0,1,0,,1,1
150,13,28,1,2,1,30,1,0,0,お腹がグーグーなっちゃう・・・,8,1,0,1,,0,0,0,0,1,0,,1,1
151,13,29,1,2,31,50,1,0,0,ご飯食べたいな～,1,1,0,1,,0,0,0,0,1,0,,1,1
152,13,30,1,2,51,80,1,0,0,ごはんおいしかった～しあわせ～,2,1,0,1,,0,0,0,0,1,0,,1,1
153,13,31,1,2,81,100,1,0,0,まんぷくまんぷく♥,11,1,0,1,,0,0,0,0,1,0,,1,1
154,13,32,1,4,1,30,1,0,0,寝させて欲しいんだけど…,6,1,0,1,,0,0,0,0,1,0,,1,1
155,13,33,1,4,31,50,1,0,0,ちょっと眠～い,6,1,0,1,,0,0,0,0,1,0,,1,1
156,13,34,1,4,51,80,1,0,0,%＜飼い主＞、何して遊ぶ？,1,1,0,1,,0,0,0,0,1,0,,1,1
157,13,35,1,4,81,100,1,0,0,スッキリした～,2,1,0,1,,0,0,0,0,1,0,,1,1
158,13,36,1,3,0,0,1,0,0,%＜ペット名＞は今機嫌悪いの！,3,1,0,1,,0,0,0,0,1,0,,1,1
159,13,37,1,3,1,30,1,0,0,面白いことして？,9,1,0,1,,0,0,0,0,1,0,,1,1
160,13,38,1,3,31,50,1,0,0,%＜ペット名＞と遊んでくれるの？,1,1,0,1,,0,0,0,0,1,0,,1,1
161,13,39,1,3,51,80,1,0,0,今日もあそぼ～！,2,1,0,1,,0,0,0,0,1,0,,1,1
162,13,40,1,3,81,100,1,0,0,%＜飼い主＞といると楽しい！,10,1,0,1,,0,0,0,0,1,0,,1,1
163,13,46,1,2,0,0,1,0,0,お腹が減って力がでない・・・,8,1,0,1,,0,0,0,0,1,0,,1,1
164,13,47,1,2,1,30,1,0,0,クイズして%＜ペット名＞の空腹を満たしてー,8,1,0,1,,0,0,0,0,1,0,,1,1
165,13,48,1,2,31,50,1,0,0,%＜飼い主＞と遊びたいなー,1,1,0,1,,0,0,0,0,1,0,,1,1
166,13,49,1,2,51,80,1,0,0,今日は何して遊ぶ？,2,1,0,1,,0,0,0,0,1,0,,1,1
167,13,50,1,2,81,100,1,0,0,お腹いっぱいでしあわせ～,2,1,0,1,,0,0,0,0,1,0,,1,1
168,13,51,1,4,1,30,1,0,0,ねさせて…,6,1,0,1,,0,0,0,0,1,0,,1,1
169,13,52,1,4,31,50,1,0,0,ごめんあくびがで出ちゃった・・・,6,1,0,1,,0,0,0,0,1,0,,1,1
170,13,53,1,4,51,80,1,0,0,%＜飼い主＞、クイズしたいな！,1,1,0,1,,0,0,0,0,1,0,,1,1
171,13,54,1,4,81,100,1,0,0,睡眠バッチリだよ！！,2,1,0,1,,0,0,0,0,1,0,,1,1
172,13,55,1,3,0,0,1,0,0,もっと頑張って答えてよ！,3,1,0,1,,0,0,0,0,1,0,,1,1
173,13,56,1,3,1,30,1,0,0,%＜飼い主＞、頑張って？,4,1,0,1,,0,0,0,0,1,0,,1,1
174,13,57,1,3,31,50,1,0,0,%＜ペット名＞ともっと遊んで～,9,1,0,1,,0,0,0,0,1,0,,1,1
175,13,58,1,3,51,80,1,0,0,%＜ペット名＞と遊んでくれてうれしいな♪,2,1,0,1,,0,0,0,0,1,0,,1,1
176,13,59,1,3,81,100,1,0,0,気分最高！%＜ペット名＞ともっと遊ぼう！,10,1,0,1,,0,0,0,0,1,0,,1,1
177,13,65,1,1,0,0,13,0,2,%＜飼い主＞～もう深夜だよ～？,6,1,0,1,,0,0,0,0,1,0,,1,3
178,13,66,1,1,0,0,13,0,2,%＜飼い主＞とまだ遊びたいな！,2,1,0,1,,0,0,0,0,1,0,,1,3
179,13,67,1,1,0,0,13,0,2,%＜飼い主＞、元気だね～,5,1,0,1,,0,0,0,0,1,0,,1,3
180,13,68,1,1,0,0,13,0,2,%＜飼い主＞と夜更かし～！,11,1,0,1,,0,0,0,0,1,0,,1,3
181,13,69,1,1,0,0,13,2,5,%＜飼い主＞・・・明日は大丈夫？,1,1,0,1,,0,0,0,0,1,0,,1,3
182,13,70,1,1,0,0,13,2,5,%＜ペット名＞と遊んでくれるのは嬉しいけど・・・こんな時間だよ？,10,1,0,1,,0,0,0,0,1,0,,1,3
183,13,71,1,1,0,0,13,2,5,今夜は%＜飼い主＞とオールナイト！,11,1,0,1,,0,0,0,0,1,0,,1,3
184,13,72,1,1,0,0,13,2,5,・・・もしかしておはよう？,6,1,0,1,,0,0,0,0,1,0,,1,3
185,13,73,1,1,0,0,13,5,8,おはよ～,1,1,0,1,,0,0,0,0,1,0,,1,3
186,13,74,1,1,0,0,13,5,8,朝ごはんは何かな～,2,1,0,1,,0,0,0,0,1,0,,1,3
187,13,75,1,1,0,0,13,5,8,頭の運動にクイズしよう！,11,1,0,1,,0,0,0,0,1,0,,1,3
188,13,76,1,1,0,0,13,5,8,今日も1日がんばろー！,2,1,0,1,,0,0,0,0,1,0,,1,3
189,13,77,1,1,0,0,13,5,8,%＜飼い主＞も眠たい？,6,1,0,1,,0,0,0,0,1,0,,1,3
190,13,78,1,1,0,0,13,9,12,%＜飼い主＞、忙しい？,1,1,0,1,,0,0,0,0,1,0,,1,3
191,13,79,1,1,0,0,13,9,12,二度寝したい～,6,1,0,1,,0,0,0,0,1,0,,1,3
192,13,80,1,1,0,0,13,9,12,お昼ごはんまだかな～,8,1,0,1,,0,0,0,0,1,0,,1,3
193,13,81,1,1,0,0,13,9,12,%＜飼い主＞と遊びたいなー！,1,1,0,1,,0,0,0,0,1,0,,1,3
194,13,82,1,1,0,0,13,9,12,ひなたぼっこしたい！,10,1,0,1,,0,0,0,0,1,0,,1,3
195,13,83,1,1,0,0,13,9,12,のんびりするのもいいね～,6,1,0,1,,0,0,0,0,1,0,,1,3
196,13,84,1,1,0,0,13,9,12,%＜飼い主＞は今日忙しいの？,1,1,0,1,,0,0,0,0,1,0,,1,3
197,13,85,1,1,0,0,13,13,14,・・・おやつたべちゃった。,1,1,0,1,,0,0,0,0,1,0,,1,3
198,13,86,1,1,0,0,13,13,17,・・・うとうと,7,1,0,1,,0,0,0,0,1,0,,1,3
199,13,87,1,1,0,0,13,13,17,昼寝は気持ちいいね～,6,1,0,1,,0,0,0,0,1,0,,1,3
200,13,88,1,1,0,0,13,13,17,おやつちょうだい！,1,1,0,1,,0,0,0,0,1,0,,1,3
201,13,89,1,1,0,0,13,13,17,%＜飼い主＞～あそぼ～よ～,1,1,0,1,,0,0,0,0,1,0,,1,3
202,13,90,1,1,0,0,13,18,20,夕飯美味しい～,2,1,0,1,,0,0,0,0,1,0,,1,3
203,13,91,1,1,0,0,13,18,20,腹ごしらえもしたし遊ぼう！,2,1,0,1,,0,0,0,0,1,0,,1,3
204,13,92,1,1,0,0,13,18,20,%＜飼い主＞はお腹すいた？,1,1,0,1,,0,0,0,0,1,0,,1,3
205,13,93,1,1,0,0,13,18,20,デザート食べたいな！,10,1,0,1,,0,0,0,0,1,0,,1,3
206,13,94,1,1,0,0,13,18,20,%＜飼い主＞は今夜何食べる？,1,1,0,1,,0,0,0,0,1,0,,1,3
207,13,95,1,1,0,0,13,21,23,夜更かししちゃダメだよ～,4,1,0,1,,0,0,0,0,1,0,,1,3
208,13,96,1,1,0,0,13,21,23,%＜飼い主＞は何時に寝る予定？,6,1,0,1,,0,0,0,0,1,0,,1,3
209,13,97,1,1,0,0,13,21,23,夜ご飯美味しかった～,11,1,0,1,,0,0,0,0,1,0,,1,3
210,13,98,1,1,0,0,13,21,23,今夜は%＜ペット名＞とあそぼ～,1,1,0,1,,0,0,0,0,1,0,,1,3
211,13,99,1,1,0,0,13,21,23,%＜飼い主＞、お疲れ様～,2,1,0,1,,0,0,0,0,1,0,,1,3
212,13,100,1,1,0,0,13,21,23,%＜ペット名＞、ちょっと眠い…,6,1,0,1,,0,0,0,0,1,0,,1,3
213,13,101,1,1,0,0,13,21,23,%＜ペット名＞は今日クイズを考えてたよ！,10,1,0,1,,0,0,0,0,1,0,,1,3
214,13,102,1,1,0,0,13,21,23,%＜飼い主＞～遅かったよ～！,11,1,0,1,,0,0,0,0,1,0,,1,3
215,13,103,1,1,0,0,13,21,23,%＜飼い主＞は今日何した？,2,1,0,1,,0,0,0,0,1,0,,1,3
216,13,104,1,1,0,0,13,21,23,%＜飼い主＞とテレビが見たい！,2,1,0,1,,0,0,0,0,1,0,,1,3
217,13,105,1,1,0,0,1,0,0,今日もがんばるよ！,2,1,0,1,,0,0,0,0,1,0,,1,1
218,13,106,1,1,0,0,1,0,0,げんきいっぱいだよ！！,2,1,0,1,,0,0,0,0,1,0,,1,1
219,13,107,1,1,0,0,1,0,0,%＜飼い主＞・・・%＜ペット名＞と遊んで・・・,4,1,0,1,,0,0,0,0,1,0,,1,1
220,13,108,1,1,0,0,1,0,0,%＜飼い主＞とおはなししたいな～,1,1,0,1,,0,0,0,0,1,0,,1,1
221,13,109,1,1,0,0,1,0,0,%＜飼い主＞は何したい～？,2,1,0,1,,0,0,0,0,1,0,,1,1
222,13,110,1,1,0,0,1,0,0,%＜飼い主＞と今日もあそぶ！,2,1,0,1,,0,0,0,0,1,0,,1,1
223,14,1,1,8,0,0,1,0,0,次はもっと難しいのを用意しておくよ～,1,1,0,1,,0,0,0,0,1,0,,1,1
224,14,2,1,10,0,0,1,0,0,勝った〜！,2,1,0,1,,0,0,0,0,0,0,,1,1
225,14,3,1,8,0,0,1,0,0,流石%＜飼い主＞だな～,5,1,0,1,,0,0,0,0,0,0,,1,1
226,14,4,1,10,0,0,1,0,0,難しすぎたかな？,1,1,0,1,,0,0,0,0,0,0,,1,1
227,14,5,1,8,0,0,1,0,0,%＜飼い主＞物知り～,11,1,0,1,,0,0,0,0,0,0,,1,1
228,14,6,1,10,0,0,1,0,0,%＜ペット名＞はわかると思ったんだけどな～,2,1,0,1,,0,0,0,0,0,0,,1,1
229,14,7,1,8,0,0,1,0,0,%＜飼い主＞はこれも分かるんだね！,2,1,0,1,,0,0,0,0,0,0,,1,1
230,14,8,1,10,0,0,1,0,0,えへへ、勝っちゃった！,2,1,0,1,,0,0,0,0,0,0,,1,1
231,15,1,1,1,0,0,1,0,0,スタミナが足りないよ～,4,1,0,1,,0,0,0,0,0,0,,1,1
232,15,2,1,1,0,0,1,0,0,スタミナを回復してね！,4,1,0,1,,0,0,0,0,0,0,,1,1
233,15,3,1,1,0,0,1,0,0,体力切れだよ！,4,1,0,1,,0,0,0,0,0,0,,1,1
234,15,4,1,1,0,0,1,0,0,少し休ませて！,9,1,0,1,,0,0,0,0,0,0,,1,1
235,15,5,1,1,0,0,1,0,0,%＜飼い主＞は元気だね・・・,4,1,0,1,,0,0,0,0,0,0,,1,1
236,15,6,1,1,0,0,1,0,0,きゅーけー,6,1,0,1,,0,0,0,0,0,0,,1,1
237,15,7,1,1,0,0,1,0,0,少し待って～,1,1,0,1,,0,0,0,0,0,0,,1,1
238,15,8,1,1,0,0,1,0,0,疲れたよ～,4,1,0,1,,0,0,0,0,0,0,,1,1
239,13,111,1,1,0,0,1,0,0,%＜飼い主＞はどんな音楽が好き～？,1,1,0,1,,0,0,0,0,1,0,,1,1
240,13,112,1,11,Pet_rank_8_petHair,0,1,0,0,%＜ペット名＞参上！,1,1,0,1,,0,0,0,0,2,0,,1,4
241,13,113,1,11,Pet_rank_8_petHair,0,1,0,0,%＜ペット名＞だよ！夜露死苦！,9,1,0,1,,0,0,0,0,2,0,,1,4
242,13,114,1,11,Pet_spend_man_petHair,0,1,0,0,おばあさんや、メシはまだかのう？,1,1,0,1,,0,0,0,0,2,0,,1,4
243,13,115,1,11,Pet_spend_man_petHair,0,1,0,0,・・・はて？何を考えておったかのう？,1,1,0,1,,0,0,0,0,2,0,,1,4
244,13,116,1,11,Pet_spend_woman_petHair,0,1,0,0,おじいさん、ご飯は昨日たべたでしょう？,1,1,0,1,,0,0,0,0,2,0,,1,4
245,13,117,1,11,Pet_spend_woman_petHair,0,1,0,0,縫い物は楽しいねぇ,1,1,0,1,,0,0,0,0,2,0,,1,4
246,13,118,1,11,Pet_gold_10000_woman_petHair,0,1,0,0,おほほほほ♪,2,1,0,1,,0,0,0,0,2,0,,1,4
247,13,119,1,11,Pet_gold_10000_woman_petHair,0,1,0,0,今日も%＜ペット名＞は完璧ね♪,10,1,0,1,,0,0,0,0,2,0,,1,4
248,13,120,1,11,Pet_rank_2_petHairAcce,0,1,0,0,今日もがんばるぞー！！,1,1,0,1,,0,0,0,0,2,0,,1,4
249,13,121,1,11,Pet_rank_5_petHairAcce,0,1,0,0,サイン…コサイン…タンジェント……,1,1,0,1,,0,0,0,0,2,0,,1,4
250,13,122,1,11,Pet_rank_10_petHairAcce,0,1,0,0,フフフ、お見通しですよ。,1,1,0,1,,0,0,0,0,2,0,,1,4
251,13,123,1,11,Pet_history_petHairAcce,0,1,0,0,われを楽しませよ！,1,1,0,1,,0,0,0,0,2,0,,1,4
252,13,124,1,11,Pet_geography_petHairAcce,0,1,0,0,次はどの国に行こうかな？%＜国名＞とか？,2,1,0,1,,0,0,0,0,2,0,,1,4
253,13,125,1,11,Pet_art_petHairAcce,0,1,0,0,美しい…美しい絵を…！,1,1,0,1,,0,0,0,0,2,0,,1,4
254,13,126,1,11,Pet_sport_petHairAcce,0,1,0,0,ちょっと走ってくるね！,1,1,0,1,,0,0,0,0,2,0,,1,4
255,13,127,1,11,Pet_science_petEyeAcce,0,1,0,0,ふむふむ…よし、実験成功！,2,1,0,1,,0,0,0,0,2,0,,1,4
256,13,128,1,11,Pet_zatugaku_petHairAcce,0,1,0,0,卒業は…いつもさみしくなるね。,1,1,0,1,,0,0,0,0,2,0,,1,4
257,13,129,1,11,Pet_gold_10000_man_petHairAcce,0,1,0,0,この輝きが目に入らぬか～！,1,1,0,1,,0,0,0,0,2,0,,1,4
258,13,130,1,11,Pet_spell_100_petHairAcce,0,1,0,0,ついに全知を手に入れてしまったよ…,1,1,0,1,,0,0,0,0,2,0,,1,4
259,13,131,1,11,Pet_tic_100_man_petHairAcce,0,1,0,0,このヘアピンが気になるの？,1,1,0,1,,0,0,0,0,2,0,,1,4
260,13,132,1,11,Pet_hisory_petCloth,0,1,0,0,われに遣えるかえ？,1,1,0,1,,0,0,0,0,2,0,,1,4
261,13,133,1,11,Pet_geography_petCloth,0,1,0,0,南極に行った時はなかなか大変だったよ…,1,1,0,1,,0,0,0,0,2,0,,1,4
262,13,134,1,11,Pet_art_petCloth,0,1,0,0,芸術は爆発だよ！！,1,1,0,1,,0,0,0,0,2,0,,1,4
263,13,135,1,11,Pet_sport_petCloth,0,1,0,0,%＜ペット名＞とトライアスロンする？,1,1,0,1,,0,0,0,0,2,0,,1,4
264,13,136,1,11,Pet_science_petCloth,0,1,0,0,また発明してしまったよ♪,5,1,0,1,,0,0,0,0,2,0,,1,4
265,13,137,1,11,Pet_zatugaku_petCloth,0,1,0,0,クイズのお陰て主席で卒業出来たよ～,10,1,0,1,,0,0,0,0,2,0,,1,4
266,13,138,1,11,Pet_rank_5_petCloth,0,1,0,0,明日は試験だな、徹夜しなきゃ…,4,1,0,1,,0,0,0,0,2,0,,1,4
267,13,139,1,11,Pet_rank_8_petCloth,0,3,0,30,なンだって？タイマンする？,1,1,0,1,,0,0,0,0,2,0,,1,4
268,13,140,1,11,Pet_rank_10_petCloth,0,1,0,0,今日も太陽が心地よいですな。,1,1,0,1,,0,0,0,0,2,0,,1,4
269,13,141,1,11,Pet_spell_100_petCloth,0,1,0,0,%＜ペット名＞に聞きたいことはあるかな？,1,1,0,1,,0,0,0,0,2,0,,1,4
270,13,142,1,11,Pet_gold_10000_woman_petCloth,0,1,0,0,%＜ペット名＞のドレスが気になるかしら？,1,1,0,1,,0,0,0,0,2,0,,1,4
271,13,143,1,11,Pet_gold_10000_man_petCloth,0,1,0,0,私に何か用かね？,1,1,0,1,,0,0,0,0,2,0,,1,4
272,13,144,1,11,Pet_tic_100_man_petCloth,0,1,0,0,このふくは和服って言うんだ。%＜飼い主＞も着てみる？,1,1,0,1,,0,0,0,0,2,0,,1,4
273,13,145,1,11,Pet_spend_man_petMouth,0,1,0,0,ひげかい？自由に触ってよいよ。,2,1,0,1,,0,0,0,0,2,0,,1,4
274,13,146,1,11,Pet_gold_man_petMouth,0,1,0,0,ハッハッハ、この立派なひげが気になるかね？,1,1,0,1,,0,0,0,0,2,0,,1,4
275,13,147,1,11,Pet_rank_8_petMakeup,0,1,0,0,ほっぺ？ちょっとヤンチャしちゃってね…,1,1,0,1,,0,0,0,0,2,0,,1,4
276,13,148,1,11,Pet_spend_man_petMakeup,0,1,0,0,まだまだ元気じゃそい！,2,1,0,1,,0,0,0,0,2,0,,1,4
277,13,149,1,11,Pet_spend_woman_petMakeup,0,1,0,0,おじいさんったら～,11,1,0,1,,0,0,0,0,2,0,,1,4
278,13,144,1,11,Pet_history_rand,0,1,0,0,%＜飼い主＞、こんにちは。遂にファラオの力を手に入れました。,1,1,0,1,,0,0,0,0,2,0,,1,4
279,13,145,1,11,Pet_art_rand,0,1,0,0,%＜飼い主＞も絵書こうよー！楽しいよ！,1,1,0,1,,0,0,0,0,2,0,,1,4
280,13,146,1,11,Pet_geography_rand,0,1,0,0,%＜飼い主＞、アフリカの民族の研究に行きたいんだけど…,1,1,0,1,,0,0,0,0,2,0,,1,4
281,13,147,1,11,Pet_zatugaku_rand,0,1,0,0,知識の鳥、フクロウさんになっちゃった！,1,1,0,1,,0,0,0,0,2,0,,1,4
282,13,148,1,11,Pet_sport_rand,0,1,0,0,%＜ペット名＞の魂は今、燃えたぎってるよ！,1,1,0,1,,0,0,0,0,2,0,,1,4
283,13,149,1,11,Pet_science_rand,0,1,0,0,セイタイニンショウチュウ…ニンショウシマシタ。　コンニチハ、「%＜飼い主＞」,1,1,0,1,,0,0,0,0,2,0,,1,4
284,5,19,65,1,0,0,1,0,0,%＜飼い主＞お疲れ様！今日はクイズを3問考えたよ！,2,3,0,5,,66,67,0,0,5,0,,2,1
285,5,0,66,1,0,0,1,0,0,ありがとう♪もっと%＜飼い主＞に楽しんでもらえるように頑張るよ～！,11,1,0,1,,0,0,8,20,0,0,,1,1
286,5,0,67,1,0,0,1,0,0,ごめん…もっと頑張るよ…,4,1,0,5,,68,69,-5,-10,0,0,,5,1
287,5,0,68,1,0,0,1,0,0,ありがとう。悲しかったよ～,1,1,0,1,,0,0,5,5,0,0,,1,1
288,5,0,69,1,0,0,1,0,0,……うわあぁぁぁん！%＜飼い主＞のバカ！！,3,1,0,1,,0,0,-15,-20,0,0,,1,1
289,5,20,70,1,0,0,1,0,0,%＜飼い主＞♪このおもちゃ買って～？,2,3,0,5,,71,72,0,0,5,0,,3,1
290,5,0,71,1,0,0,1,0,0,やった～！大切にする～♥,11,1,0,1,,0,0,-3,5,0,0,,1,1
291,5,0,72,1,0,0,1,0,0,だめか～、今回は我慢するよ～,1,1,0,1,,0,0,3,-5,0,0,,1,1
292,5,21,73,1,0,0,1,0,0,%＜ペット名＞、海外留学してみたいな！世界を知りたいよ！,1,3,0,5,,74,75,0,0,5,0,,4,1
293,5,0,74,1,0,0,1,0,0,よーし、今から英語の勉強をするぞ～！,2,1,0,1,,0,0,5,20,0,0,,1,1
294,5,0,75,1,0,0,1,0,0,現実的に考えたら難しいよね・・・,4,1,0,1,,0,0,3,-5,0,0,,1,1
295,5,22,76,1,0,0,1,0,0,%＜飼い主＞！あそぼ！遊ぼ～よ～,11,3,0,5,,77,78,0,0,5,0,,5,1
296,5,0,77,1,0,0,1,0,0,%＜飼い主＞～♥,11,1,0,1,,0,0,7,25,0,0,,1,1
297,5,0,78,1,0,0,1,0,0,むー、かまってくれない・・・,1,1,0,1,,0,0,-3,-10,0,0,,1,1
298,5,23,79,1,0,0,1,0,0,テストの点数85点だった～まあまあかな？,1,3,0,5,,80,81,0,0,5,0,,2,1
299,5,0,80,1,0,0,1,0,0,えへへ～もっと頑張るね！,10,1,0,1,,0,0,2,20,0,0,,1,1
300,5,0,81,1,0,0,1,0,0,うん、今度は100点狙うね！,1,1,0,1,,0,0,5,-5,0,0,,1,1
301,5,24,82,1,0,0,1,0,0,%＜飼い主＞が最近ハマってるお菓子って何～？,1,2,8,3,,83,84,0,0,5,0,,1,1
302,5,0,83,1,0,0,1,0,0,%＜プレイヤー入力＞はおいしいよね！,11,1,0,1,,0,0,5,20,0,0,,1,1
303,5,0,84,1,0,0,1,0,0,%＜プレイヤー入力＞は知らなかった～、今度食べてみるね！,5,1,0,1,,0,0,5,10,0,0,,1,1
304,5,25,85,1,0,0,1,0,0,おなかへったな～お昼食べようと思うんだけど、%＜飼い主＞は何がいいと思う？,1,2,7,3,,86,87,0,0,5,0,,1,1
305,5,0,86,1,0,0,1,0,0,%＜プレイヤー入力＞ね！食べてくる～,2,1,0,1,,0,0,5,20,0,0,,1,1
306,5,0,87,1,0,0,1,0,0,%＜プレイヤー入力＞！食べたことない～%＜飼い主＞連れてって～,2,1,0,1,,0,0,3,10,0,0,,1,1
307,5,26,88,1,0,0,1,0,0,%＜ペット名＞は%＜時間＞が落ち着いて好きなんだけど、%＜飼い主＞が好きな時間帯っていつ？,1,2,9,3,,89,90,0,0,5,0,,1,1
308,5,0,89,1,0,0,1,0,0,%＜飼い主＞と一緒でうれしいな～！,2,1,0,1,,0,0,5,20,0,0,,1,1
309,5,0,90,1,0,0,1,0,0,%＜プレイヤー入力＞か～、これから意識してみるね！,1,1,0,1,,0,0,3,10,0,0,,1,1
310,5,27,91,1,0,0,1,0,0,海外旅行行きたいな～、%＜飼い主＞はどの国に行きたい？,1,2,10,3,,92,93,0,0,5,0,,1,1
311,5,0,92,1,0,0,1,0,0,%＜プレイヤー入力＞は行ったことある！いいよね～！,2,1,0,1,,0,0,5,20,0,0,,1,1
312,5,0,93,1,0,0,1,0,0,%＜プレイヤー入力＞は行ったことないよ！行ってみたいな～,1,1,0,1,,0,0,3,10,0,0,,1,1
313,5,28,94,1,0,0,1,0,0,%＜飼い主＞、ヨーロッパの国で好きな国はどこ？,1,2,10,3,,95,96,0,0,0,0,,1,1
314,5,0,95,1,0,0,1,0,0,いいよねー！ありがと～,10,1,0,1,,0,0,5,20,5,0,,1,1
315,5,0,96,1,0,0,1,0,0,%＜飼い主＞は%＜プレイヤー入力＞がすきなんだ～！,2,1,0,1,,0,0,3,10,20,0,,1,1
316,5,29,97,1,0,0,1,0,0,%＜飼い主＞は山とか川とか、好きな場所はある？,1,2,11,3,,98,99,0,0,0,0,,1,1
317,5,0,98,1,0,0,1,0,0,%＜プレイヤー入力＞も好きだよ！うれしいな～,10,1,0,1,,0,0,5,20,5,0,,1,1
318,5,0,99,1,0,0,1,0,0,%＜プレイヤー入力＞～！いっしょに行きたいね♪,11,1,0,1,,0,0,3,10,20,0,,1,1
319,5,30,100,1,0,0,1,0,0,滝は癒やされるね～気持ちいい！%＜飼い主＞は癒やされる場所ある？,1,2,11,3,,101,102,0,0,0,0,,1,1
320,5,0,101,1,0,0,1,0,0,%＜飼い主＞と%＜プレイヤー入力＞～♥,11,1,0,1,,0,0,5,20,5,0,,1,1
321,5,0,102,1,0,0,1,0,0,%＜プレイヤー入力＞は行ったことないから連れてって～！,1,1,0,1,,0,0,3,10,20,0,,1,1
322,5,31,103,1,0,0,1,0,0,じゃんけん飽きた～%＜飼い主＞、他のゲーム教えて～,9,2,14,3,,104,105,0,0,0,0,,1,1
323,5,0,104,1,0,0,1,0,0,%＜飼い主＞、%＜プレイヤー入力＞しよ～,1,1,0,1,,0,0,5,20,5,0,,1,1
324,5,0,105,1,0,0,1,0,0,%＜プレイヤー入力＞って初めて知ったよ、教えて～！,2,1,0,1,,0,0,3,10,20,0,,1,1
325,5,32,106,1,0,0,1,0,0,%＜飼い主＞は子供の頃、どんな遊びしてた？,1,2,14,3,,107,108,0,0,0,0,,1,1
326,5,0,107,1,0,0,1,0,0,%＜プレイヤー入力＞！%＜ペット名＞も好きだよ～,1,1,0,1,,0,0,5,20,5,0,,1,1
327,5,0,108,1,0,0,1,0,0,%＜プレイヤー入力＞は詳しくないから教えて～！,2,1,0,1,,0,0,3,10,20,0,,1,1
328,5,33,109,1,0,0,1,0,0,待ち時間暇だな～、%＜飼い主＞はこういう時どんな遊びしてた？,1,2,14,3,,110,111,0,0,0,0,,1,1
329,5,0,110,1,0,0,1,0,0,%＜プレイヤー入力＞か～ありがとうね～！,2,1,0,1,,0,0,5,20,5,0,,1,1
330,5,0,111,1,0,0,1,0,0,%＜プレイヤー入力＞は知らないからルール教えて♪,11,1,0,1,,0,0,3,10,20,0,,1,1
331,5,34,112,1,0,0,1,0,0,%＜飼い主＞はどんな場所だと心が安らぐ？,1,2,15,3,,113,114,0,0,0,0,,1,1
332,5,0,113,1,0,0,1,0,0,%＜プレイヤー入力＞！安らぐねえ～♪,11,1,0,1,,0,0,5,20,5,0,,1,1
333,5,0,114,1,0,0,1,0,0,%＜飼い主＞は%＜プレイヤー入力＞が好きなんだ～,1,1,0,1,,0,0,3,10,20,0,,1,1
334,5,35,115,1,0,0,1,0,0,うージュース飲みたいよ～、%＜飼い主＞はどんなジュースが好き？,9,2,16,3,,116,117,0,0,0,0,,1,1
335,5,0,116,1,0,0,1,0,0,%＜プレイヤー入力＞～買ってきて～♪,1,1,0,1,,0,0,5,20,5,0,,1,1
336,5,0,117,1,0,0,1,0,0,%＜プレイヤー入力＞って初耳！飲みたい！,11,1,0,1,,0,0,3,10,20,0,,1,1
337,5,36,118,1,0,0,1,0,0,新しい炭酸ジュース飲みたいよ～、%＜飼い主＞、教えて～,1,2,16,3,,119,120,0,0,0,0,,1,1
338,5,0,119,1,0,0,1,0,0,それ飲んだことあるよ～,9,1,0,1,,0,0,5,20,5,0,,1,1
339,5,0,120,1,0,0,1,0,0,%＜プレイヤー入力＞気になる～！飲みたい！,2,1,0,1,,0,0,3,10,20,0,,1,1
340,5,37,121,1,0,0,1,0,0,新しい遊びを%＜ペット名＞におしえて～！！,11,2,14,3,,122,123,0,0,0,0,,1,1
341,5,0,122,1,0,0,1,0,0,今から%＜プレイヤー入力＞しよ～♪,2,1,0,1,,0,0,5,20,5,0,,1,1
342,5,0,123,1,0,0,1,0,0,%＜プレイヤー入力＞ってどういうゲームなの～？,1,1,0,1,,0,0,3,10,20,0,,1,1
343,5,38,124,1,0,0,1,0,0,最近%＜食べ物＞がマイブームなの！%＜飼い主＞はどうかな？,1,3,0,5,,125,126,0,0,0,0,,0,1
344,5,0,125,1,0,0,1,0,0,一緒に食べよ♪%＜飼い主＞♪,11,1,0,1,,0,0,0,0,0,0,,1,1
345,5,0,126,1,0,0,1,0,0,えーそう言わず食べてみてよ～,9,1,0,1,,0,0,0,0,0,0,,1,1
346,13,150,1,11,Pet_history_rand,0,1,0,0,少し昔話をしましょう。,1,1,0,1,,0,0,0,1,1,0,,1,5
347,13,151,1,11,Pet_art_rand,0,1,0,0,%＜飼い主＞にもこの絵の良さが分かるかい？,1,1,0,1,,0,0,0,1,1,0,,1,5
348,13,152,1,11,Pet_geography_rand,0,1,0,0,夢？火星探索かな～,1,1,0,1,,0,0,0,1,1,0,,1,5
349,13,153,1,11,Pet_zatugaku_rand,0,1,0,0,ホーホー！,1,1,0,1,,0,0,0,1,1,0,,1,5
350,13,154,1,11,Pet_sport_rand,0,1,0,0,%＜飼い主＞！走りこみしよう！！,1,1,0,1,,0,0,0,1,1,0,,1,5
351,13,155,1,11,Pet_science_rand,0,1,0,0,%＜飼い主＞サマ、ゴメイレイヲ。,1,1,0,1,,0,0,0,1,1,0,,1,5
352,13,156,1,11,Pet_history_rand,0,1,0,0,歴史の重みを味わいなさい！,1,1,0,1,,0,0,0,1,1,0,,1,5
353,13,157,1,11,Pet_art_rand,0,1,0,0,やっぱりクラシックはいいね！,1,1,0,1,,0,0,0,1,1,0,,1,5
354,13,158,1,11,Pet_geography_rand,0,1,0,0,ちょっと遺跡探索行ってくる！,1,1,0,1,,0,0,0,1,1,0,,1,5
355,13,159,1,11,Pet_zatugaku_rand,0,1,0,0,夜行性になっちゃった・・・,1,1,0,1,,0,0,0,1,1,0,,1,5
356,13,160,1,11,Pet_sport_rand,0,1,0,0,ダッシュが終わったからウェイトトレーニング！,1,1,0,1,,0,0,0,1,1,0,,1,5
357,13,161,1,11,Pet_science_rand,0,1,0,0,・・・コタエハ、42デス。,1,1,0,1,,0,0,0,1,1,0,,1,5
358,13,162,1,1,0,0,1,0,0,%＜ジュース＞飲みたいな～！,2,1,0,1,,0,0,0,0,1,0,,1,1
359,13,163,1,13,11,12,1,0,0,お昼は%＜食べ物＞食べるよ！！,2,1,0,1,,0,0,0,0,1,0,,1,1
360,13,164,1,1,0,0,1,0,0,%＜おやつ＞食べたいな～,1,1,0,1,,0,0,0,0,1,0,,1,1
361,13,165,1,1,0,0,1,0,0,%＜場所＞に行きたいな～,1,1,0,1,,0,0,0,0,1,0,,1,1
362,13,166,1,1,0,0,1,0,0,%＜遊び＞したいよ！,2,1,0,1,,0,0,0,0,1,0,,1,1
363,13,167,1,1,0,0,1,0,0,%＜癒やし＞はいいよね～,1,1,0,1,,0,0,0,0,1,0,,1,1
364,13,162,1,1,0,0,1,0,0,%＜ジュース＞飲みたいな～！,2,1,0,1,,0,0,0,0,1,0,,1,1
365,13,163,1,13,11,12,1,0,0,%＜飼い主＞と一緒に%＜食べ物＞食べたいな～,2,1,0,1,,0,0,0,0,1,0,,1,1
366,13,164,1,1,0,0,1,0,0,%＜おやつ＞は毎日でも食べたいよ♪,1,1,0,1,,0,0,0,0,1,0,,1,1
367,13,165,1,1,0,0,1,0,0,%＜場所＞行ってきた～！,1,1,0,1,,0,0,0,0,1,0,,1,1
368,13,166,1,1,0,0,1,0,0,今日は%＜遊び＞しよう！,2,1,0,1,,0,0,0,0,1,0,,1,1
369,13,167,1,1,0,0,1,0,0,%＜癒やし＞～%＜癒やし＞～♪,1,1,0,1,,0,0,0,0,1,0,,1,1
370,13,162,1,1,0,0,1,0,0,%＜ジュース＞はおいしいよね～,2,1,0,1,,0,0,0,0,1,0,,1,1
371,13,163,1,13,11,12,1,0,0,%＜食べ物＞ならいくらでも食べられるよ！,2,1,0,1,,0,0,0,0,1,0,,1,1
372,13,164,1,1,0,0,1,0,0,%＜おやつ＞～ちょうだい～,1,1,0,1,,0,0,0,0,1,0,,1,1
373,13,165,1,1,0,0,1,0,0,%＜場所＞はロマンがあるよね～,1,1,0,1,,0,0,0,0,1,0,,1,1
374,13,166,1,1,0,0,1,0,0,何しようかな～♪%＜遊び＞…うん、%＜遊び＞しよう！,2,1,0,1,,0,0,0,0,1,0,,1,1
375,13,167,1,1,0,0,1,0,0,%＜癒やし＞～♪,10,1,0,1,,0,0,0,0,1,0,,1,1
376,13,162,1,1,0,0,1,0,0,風呂あがりは%＜ジュース＞！,11,1,0,1,,0,0,0,0,1,0,,1,1
377,13,163,1,13,11,12,1,0,0,夜は%＜食べ物＞を食べようかな~♪,11,1,0,1,,0,0,0,0,1,0,,1,1
378,13,164,1,1,0,0,1,0,0,三時は%＜おやつ＞！,1,1,0,1,,0,0,0,0,1,0,,1,1
379,13,165,1,1,0,0,1,0,0,%＜場所＞はいいよね~,1,1,0,1,,0,0,0,0,1,0,,1,1
380,13,166,1,1,0,0,1,0,0,%＜遊び＞が…したい！,2,1,0,1,,0,0,0,0,1,0,,1,1
381,13,167,1,1,0,0,1,0,0,%＜癒やし＞で一日の疲労が取れるよ！,1,1,0,1,,0,0,0,0,1,0,,1,1
382,13,162,1,1,0,0,1,0,0,%＜ジュース＞はいつでもおいしいね♪,11,1,0,1,,0,0,0,0,1,0,,1,1
383,13,163,1,13,6,8,1,0,0,朝は%＜食べ物＞～！,1,1,0,1,,0,0,0,0,1,0,,1,1
384,13,164,1,13,0,3,1,0,0,夜中でも…%＜おやつ＞！,10,1,0,1,,0,0,0,0,1,0,,1,1
385,13,165,1,1,0,0,1,0,0,%＜場所＞に行かせてよ～,4,1,0,1,,0,0,0,0,1,0,,1,1
386,13,166,1,1,0,0,1,0,0,%＜遊び＞するの～！,9,1,0,1,,0,0,0,0,1,0,,1,1
387,13,167,1,1,0,0,1,0,0,%＜飼い主＞と%＜癒やし＞～♪,10,1,0,1,,0,0,0,0,1,0,,1,1
388,5,166,127,1,0,0,1,0,0,%＜おやつ＞はおいしいな～♪%＜飼い主＞も食べる？,1,3,0,5,,128,129,0,0,1,0,,1,1
389,5,0,128,1,0,0,1,0,0,わーい！いっしょにたべよ！,11,1,0,1,,0,0,5,20,1,0,,1,1
390,5,0,129,1,0,0,1,0,0,ぜんぶたべちゃうよ～？,1,1,0,1,,0,0,-2,-10,1,0,,1,1
391,5,167,130,1,0,0,1,0,0,%＜ペット名＞は%＜場所＞が大好きー！%＜飼い主＞はどう？,1,3,0,5,,131,132,0,0,1,0,,0,1
392,5,0,131,1,0,0,1,0,0,なんだか嬉しいな！,2,1,0,1,,0,0,5,20,1,0,,1,1
393,5,0,132,1,0,0,1,0,0,じゃあ%＜飼い主＞の好きな場所に連れて行ってね！,2,1,0,1,,0,0,-2,-10,1,0,,1,1
394,5,168,133,1,0,0,1,0,0,%＜ペット名＞は%＜飼い主＞と%＜遊び＞をしたいよ！,1,3,0,5,,134,135,0,0,1,0,,1,1
395,5,0,134,1,0,0,1,0,0,わーい！しよ？しよー？,11,1,0,1,,0,0,5,20,1,0,,1,1
396,5,0,135,1,0,0,1,0,0,えーなんで～・・・？,4,1,0,1,,0,0,-2,-10,1,0,,1,1
397,5,169,136,1,0,0,1,0,0,今日は%＜食べ物＞が食べたいな！,1,3,0,5,,137,138,0,0,1,0,,1,1
398,5,0,137,1,0,0,1,0,0,いえーい！やったね！,2,1,0,1,,0,0,5,20,1,0,,1,1
399,5,0,138,1,0,0,1,0,0,%＜飼い主＞は%＜食べ物＞きらいになっちゃった…？,4,1,0,1,,0,0,-2,-10,1,0,,1,1
400,5,170,139,1,0,0,1,0,0,%＜食べ物＞…最近飽きちゃった…食べなくていい？,1,3,0,5,,140,141,0,0,1,0,,1,1
401,5,0,140,1,0,0,1,0,0,ありがとう、ごめんね～,1,1,0,1,,0,0,-5,20,1,0,,1,1
402,5,0,141,1,0,0,1,0,0,分かった、ちゃんと食べるよ。,1,1,0,1,,0,0,-2,-10,1,0,,1,1